"Referring Domains","First seen",DT,"Total traffic","Keywords total",Backlinks,Disavow,"Domain registration date"
nobi-smart-lamps.prezly.com,2023-06-30,57,0,65,4,No,
aijobs.net,2024-08-13,47,7019,275582,1,No,
jobgether.com,2024-08-31,36,10076,209754,1,No,
job.zip,2025-03-05,36,9,254,1,No,
healthpodcastnetwork.com,2024-08-20,34,515,10897,1,No,
www.gyfted.me,2024-04-29,34,4364,95191,1,No,
thisweekhealth.com,2023-10-05,32,364,5847,1,No,
www.ashaliving.org,2022-01-19,31,47,1829,1,No,
ashaliving.org,2025-03-17,27,669,3508,1,No,
www.seniortrade.com,2025-08-02,15,15,511,1,No,
latam.jobs,2024-09-17,6,391,785,1,No,
